name,category,phone_public,phone_raw_public_source,phone_status,email_public,website,website_verified,whatsapp_public,whatsapp_status,contact_consent,current_1405_exhibitor_status,source_period,source_url,recommended_next_step
MRD,صنایع وابسته در و پنجره — نیازمند بررسی,04434372757,44 34372757,public-landline-format,,,false,,not-found; do-not-assume landline is WhatsApp,false,NOT CONFIRMED — historical/related industry candidate only,archived participant lists shown on source page; row year not reliably exposed,https://www.namayeshgahha.ir/نمایشگاه-در-و-پنجره/list-of-exhibitors-at-the-door-and-window/,"verify current participation, official website ownership and public business contact before outreach"
Persian door,درب,02177649475,21 77649475,public-landline-format,,,false,,not-found; do-not-assume landline is WhatsApp,false,NOT CONFIRMED — historical/related industry candidate only,archived participant lists shown on source page; row year not reliably exposed,https://www.namayeshgahha.ir/نمایشگاه-در-و-پنجره/list-of-exhibitors-at-the-door-and-window/,"verify current participation, official website ownership and public business contact before outreach"
mecaco,صنایع وابسته در و پنجره — نیازمند بررسی,02146811174,21 46811174,public-landline-format,,,false,,not-found; do-not-assume landline is WhatsApp,false,NOT CONFIRMED — historical/related industry candidate only,archived participant lists shown on source page; row year not reliably exposed,https://www.namayeshgahha.ir/نمایشگاه-در-و-پنجره/list-of-exhibitors-at-the-door-and-window/,"verify current participation, official website ownership and public business contact before outreach"
zibogroup,صنایع وابسته در و پنجره — نیازمند بررسی,02144031485,21 44031485,public-landline-format,,,false,,not-found; do-not-assume landline is WhatsApp,false,NOT CONFIRMED — historical/related industry candidate only,archived participant lists shown on source page; row year not reliably exposed,https://www.namayeshgahha.ir/نمایشگاه-در-و-پنجره/list-of-exhibitors-at-the-door-and-window/,"verify current participation, official website ownership and public business contact before outreach"
آبایان پروفیل,پروفیل,06142264220,61 42264220,public-landline-format,,,false,,not-found; do-not-assume landline is WhatsApp,false,NOT CONFIRMED — historical/related industry candidate only,archived participant lists shown on source page; row year not reliably exposed,https://www.namayeshgahha.ir/نمایشگاه-در-و-پنجره/list-of-exhibitors-at-the-door-and-window/,"verify current participation, official website ownership and public business contact before outreach"
آبنوس جام کرج,شیشه,02634706969,26 34706969,public-landline-format,,,false,,not-found; do-not-assume landline is WhatsApp,false,NOT CONFIRMED — historical/related industry candidate only,archived participant lists shown on source page; row year not reliably exposed,https://www.namayeshgahha.ir/نمایشگاه-در-و-پنجره/list-of-exhibitors-at-the-door-and-window/,"verify current participation, official website ownership and public business contact before outreach"
آتا پلیمر صنعت ارس,مواد اولیه و پلیمر,04142277961,41 42277961,public-landline-format,,,false,,not-found; do-not-assume landline is WhatsApp,false,NOT CONFIRMED — historical/related industry candidate only,archived participant lists shown on source page; row year not reliably exposed,https://www.namayeshgahha.ir/نمایشگاه-در-و-پنجره/list-of-exhibitors-at-the-door-and-window/,"verify current participation, official website ownership and public business contact before outreach"
آدوپن پلاستیک پرشین(وین تک),پنجره و UPVC/PVC,04132466333,41 32466333,public-landline-format,,,false,,not-found; do-not-assume landline is WhatsApp,false,NOT CONFIRMED — historical/related industry candidate only,archived participant lists shown on source page; row year not reliably exposed,https://www.namayeshgahha.ir/نمایشگاه-در-و-پنجره/list-of-exhibitors-at-the-door-and-window/,"verify current participation, official website ownership and public business contact before outreach"
آدوپن پلاستیک پرشین(پلاس تک),مواد اولیه و پلیمر,04132466333,41 32466333,public-landline-format,,,false,,not-found; do-not-assume landline is WhatsApp,false,NOT CONFIRMED — historical/related industry candidate only,archived participant lists shown on source page; row year not reliably exposed,https://www.namayeshgahha.ir/نمایشگاه-در-و-پنجره/list-of-exhibitors-at-the-door-and-window/,"verify current participation, official website ownership and public business contact before outreach"
آدوپن پلاستیک پرشین(پلاس پن),مواد اولیه و پلیمر,04132466333,41 32466333,public-landline-format,,,false,,not-found; do-not-assume landline is WhatsApp,false,NOT CONFIRMED — historical/related industry candidate only,archived participant lists shown on source page; row year not reliably exposed,https://www.namayeshgahha.ir/نمایشگاه-در-و-پنجره/list-of-exhibitors-at-the-door-and-window/,"verify current participation, official website ownership and public business contact before outreach"
آذر ماشین,ماشین‌آلات,02166475167,21 66475167,public-landline-format,,,false,,not-found; do-not-assume landline is WhatsApp,false,NOT CONFIRMED — historical/related industry candidate only,archived participant lists shown on source page; row year not reliably exposed,https://www.namayeshgahha.ir/نمایشگاه-در-و-پنجره/list-of-exhibitors-at-the-door-and-window/,"verify current participation, official website ownership and public business contact before outreach"
آذرصنعت نورلو پلاست,صنایع وابسته در و پنجره — نیازمند بررسی,04133106027,41 33106027,public-landline-format,,,false,,not-found; do-not-assume landline is WhatsApp,false,NOT CONFIRMED — historical/related industry candidate only,archived participant lists shown on source page; row year not reliably exposed,https://www.namayeshgahha.ir/نمایشگاه-در-و-پنجره/list-of-exhibitors-at-the-door-and-window/,"verify current participation, official website ownership and public business contact before outreach"
آذین در,صنایع وابسته در و پنجره — نیازمند بررسی,02155534349,21 55534349,public-landline-format,,,false,,not-found; do-not-assume landline is WhatsApp,false,NOT CONFIRMED — historical/related industry candidate only,archived participant lists shown on source page; row year not reliably exposed,https://www.namayeshgahha.ir/نمایشگاه-در-و-پنجره/list-of-exhibitors-at-the-door-and-window/,"verify current participation, official website ownership and public business contact before outreach"
آراز پروفیل,پروفیل,02155064343,21 55064343,public-landline-format,,,false,,not-found; do-not-assume landline is WhatsApp,false,NOT CONFIRMED — historical/related industry candidate only,archived participant lists shown on source page; row year not reliably exposed,https://www.namayeshgahha.ir/نمایشگاه-در-و-پنجره/list-of-exhibitors-at-the-door-and-window/,"verify current participation, official website ownership and public business contact before outreach"
آرتا پروفیل پیشرو صنعت جهان,پروفیل,04533870007,45 33870007,public-landline-format,,,false,,not-found; do-not-assume landline is WhatsApp,false,NOT CONFIRMED — historical/related industry candidate only,archived participant lists shown on source page; row year not reliably exposed,https://www.namayeshgahha.ir/نمایشگاه-در-و-پنجره/list-of-exhibitors-at-the-door-and-window/,"verify current participation, official website ownership and public business contact before outreach"
آرتين آلومين,آلومینیوم,01341327460,13 41327460,public-landline-format,,,false,,not-found; do-not-assume landline is WhatsApp,false,NOT CONFIRMED — historical/related industry candidate only,archived participant lists shown on source page; row year not reliably exposed,https://www.namayeshgahha.ir/نمایشگاه-در-و-پنجره/list-of-exhibitors-at-the-door-and-window/,"verify current participation, official website ownership and public business contact before outreach"
آرسس در مانا,صنایع وابسته در و پنجره — نیازمند بررسی,02188081036,21 88081036,public-landline-format,,,false,,not-found; do-not-assume landline is WhatsApp,false,NOT CONFIRMED — historical/related industry candidate only,archived participant lists shown on source page; row year not reliably exposed,https://www.namayeshgahha.ir/نمایشگاه-در-و-پنجره/list-of-exhibitors-at-the-door-and-window/,"verify current participation, official website ownership and public business contact before outreach"
آرنادُر,صنایع وابسته در و پنجره — نیازمند بررسی,02156393790,21 56393790,public-landline-format,,,false,,not-found; do-not-assume landline is WhatsApp,false,NOT CONFIRMED — historical/related industry candidate only,archived participant lists shown on source page; row year not reliably exposed,https://www.namayeshgahha.ir/نمایشگاه-در-و-پنجره/list-of-exhibitors-at-the-door-and-window/,"verify current participation, official website ownership and public business contact before outreach"
آرکادور,صنایع وابسته در و پنجره — نیازمند بررسی,05632231602,56 32231602,public-landline-format,,,false,,not-found; do-not-assume landline is WhatsApp,false,NOT CONFIRMED — historical/related industry candidate only,archived participant lists shown on source page; row year not reliably exposed,https://www.namayeshgahha.ir/نمایشگاه-در-و-پنجره/list-of-exhibitors-at-the-door-and-window/,"verify current participation, official website ownership and public business contact before outreach"
آریا آلومینیوم,آلومینیوم,02176266701,21 76266701,public-landline-format,,,false,,not-found; do-not-assume landline is WhatsApp,false,NOT CONFIRMED — historical/related industry candidate only,archived participant lists shown on source page; row year not reliably exposed,https://www.namayeshgahha.ir/نمایشگاه-در-و-پنجره/list-of-exhibitors-at-the-door-and-window/,"verify current participation, official website ownership and public business contact before outreach"
آریا جام مهرگان پارس,شیشه,02188319812,21 88319812,public-landline-format,,,false,,not-found; do-not-assume landline is WhatsApp,false,NOT CONFIRMED — historical/related industry candidate only,archived participant lists shown on source page; row year not reliably exposed,https://www.namayeshgahha.ir/نمایشگاه-در-و-پنجره/list-of-exhibitors-at-the-door-and-window/,"verify current participation, official website ownership and public business contact before outreach"
آریا سایان گستر,صنایع وابسته در و پنجره — نیازمند بررسی,02176214808,21 76214808,public-landline-format,,,false,,not-found; do-not-assume landline is WhatsApp,false,NOT CONFIRMED — historical/related industry candidate only,archived participant lists shown on source page; row year not reliably exposed,https://www.namayeshgahha.ir/نمایشگاه-در-و-پنجره/list-of-exhibitors-at-the-door-and-window/,"verify current participation, official website ownership and public business contact before outreach"
آریا پروفیل ارس,پروفیل,04432723342,44 32723342,public-landline-format,,,false,,not-found; do-not-assume landline is WhatsApp,false,NOT CONFIRMED — historical/related industry candidate only,archived participant lists shown on source page; row year not reliably exposed,https://www.namayeshgahha.ir/نمایشگاه-در-و-پنجره/list-of-exhibitors-at-the-door-and-window/,"verify current participation, official website ownership and public business contact before outreach"
آسیا جام پروفیل,پروفیل,04132466361,41 32466361-64,public-landline-format,,,false,,not-found; do-not-assume landline is WhatsApp,false,NOT CONFIRMED — historical/related industry candidate only,archived participant lists shown on source page; row year not reliably exposed,https://www.namayeshgahha.ir/نمایشگاه-در-و-پنجره/list-of-exhibitors-at-the-door-and-window/,"verify current participation, official website ownership and public business contact before outreach"
آشیان دُر اروند,صنایع وابسته در و پنجره — نیازمند بررسی,06153543762,61 53543762,public-landline-format,,,false,,not-found; do-not-assume landline is WhatsApp,false,NOT CONFIRMED — historical/related industry candidate only,archived participant lists shown on source page; row year not reliably exposed,https://www.namayeshgahha.ir/نمایشگاه-در-و-پنجره/list-of-exhibitors-at-the-door-and-window/,"verify current participation, official website ownership and public business contact before outreach"
آشیانه پایدار قرن,صنایع وابسته در و پنجره — نیازمند بررسی,02156390015,21 56390015,public-landline-format,,,false,,not-found; do-not-assume landline is WhatsApp,false,NOT CONFIRMED — historical/related industry candidate only,archived participant lists shown on source page; row year not reliably exposed,https://www.namayeshgahha.ir/نمایشگاه-در-و-پنجره/list-of-exhibitors-at-the-door-and-window/,"verify current participation, official website ownership and public business contact before outreach"
آفتاب کالای سبلان,صنایع وابسته در و پنجره — نیازمند بررسی,02188628201,21 88628201,public-landline-format,,,false,,not-found; do-not-assume landline is WhatsApp,false,NOT CONFIRMED — historical/related industry candidate only,archived participant lists shown on source page; row year not reliably exposed,https://www.namayeshgahha.ir/نمایشگاه-در-و-پنجره/list-of-exhibitors-at-the-door-and-window/,"verify current participation, official website ownership and public business contact before outreach"
آق پروفیل گلستان,پروفیل,01732539061,17 32539061,public-landline-format,,,false,,not-found; do-not-assume landline is WhatsApp,false,NOT CONFIRMED — historical/related industry candidate only,archived participant lists shown on source page; row year not reliably exposed,https://www.namayeshgahha.ir/نمایشگاه-در-و-پنجره/list-of-exhibitors-at-the-door-and-window/,"verify current participation, official website ownership and public business contact before outreach"
آلفادر,صنایع وابسته در و پنجره — نیازمند بررسی,02156653330,21 56653330-2,public-landline-format,,,false,,not-found; do-not-assume landline is WhatsApp,false,NOT CONFIRMED — historical/related industry candidate only,archived participant lists shown on source page; row year not reliably exposed,https://www.namayeshgahha.ir/نمایشگاه-در-و-پنجره/list-of-exhibitors-at-the-door-and-window/,"verify current participation, official website ownership and public business contact before outreach"
آلوم جام,آلومینیوم,02126410133,21 26410133-5,public-landline-format,,,false,,not-found; do-not-assume landline is WhatsApp,false,NOT CONFIRMED — historical/related industry candidate only,archived participant lists shown on source page; row year not reliably exposed,https://www.namayeshgahha.ir/نمایشگاه-در-و-پنجره/list-of-exhibitors-at-the-door-and-window/,"verify current participation, official website ownership and public business contact before outreach"
آلوم کار دینه ( آلوکد ),آلومینیوم,02188647602,21 88647602,public-landline-format,,,false,,not-found; do-not-assume landline is WhatsApp,false,NOT CONFIRMED — historical/related industry candidate only,archived participant lists shown on source page; row year not reliably exposed,https://www.namayeshgahha.ir/نمایشگاه-در-و-پنجره/list-of-exhibitors-at-the-door-and-window/,"verify current participation, official website ownership and public business contact before outreach"
آلومینیوم پژواک سپاهان,آلومینیوم,03152374242,31 52374242,public-landline-format,,,false,,not-found; do-not-assume landline is WhatsApp,false,NOT CONFIRMED — historical/related industry candidate only,archived participant lists shown on source page; row year not reliably exposed,https://www.namayeshgahha.ir/نمایشگاه-در-و-پنجره/list-of-exhibitors-at-the-door-and-window/,"verify current participation, official website ownership and public business contact before outreach"
آلومینیوم کوثر زنجان با برند تجاری exalco,آلومینیوم,02432221263,24 32221263,public-landline-format,,,false,,not-found; do-not-assume landline is WhatsApp,false,NOT CONFIRMED — historical/related industry candidate only,archived participant lists shown on source page; row year not reliably exposed,https://www.namayeshgahha.ir/نمایشگاه-در-و-پنجره/list-of-exhibitors-at-the-door-and-window/,"verify current participation, official website ownership and public business contact before outreach"
آنا درب سلماس,درب,04435257001,443 5257001,public-landline-format,,,false,,not-found; do-not-assume landline is WhatsApp,false,NOT CONFIRMED — historical/related industry candidate only,archived participant lists shown on source page; row year not reliably exposed,https://www.namayeshgahha.ir/نمایشگاه-در-و-پنجره/list-of-exhibitors-at-the-door-and-window/,"verify current participation, official website ownership and public business contact before outreach"
آهن و فولاد جهان سپاهان,صنایع وابسته در و پنجره — نیازمند بررسی,04134402000,41 34402000,public-landline-format,,,false,,not-found; do-not-assume landline is WhatsApp,false,NOT CONFIRMED — historical/related industry candidate only,archived participant lists shown on source page; row year not reliably exposed,https://www.namayeshgahha.ir/نمایشگاه-در-و-پنجره/list-of-exhibitors-at-the-door-and-window/,"verify current participation, official website ownership and public business contact before outreach"
آیسان درب,درب,02122320801,21 22320801,public-landline-format,,,false,,not-found; do-not-assume landline is WhatsApp,false,NOT CONFIRMED — historical/related industry candidate only,archived participant lists shown on source page; row year not reliably exposed,https://www.namayeshgahha.ir/نمایشگاه-در-و-پنجره/list-of-exhibitors-at-the-door-and-window/,"verify current participation, official website ownership and public business contact before outreach"
ابزار سازی زمانی,یراق‌آلات و ابزار,03145647140,31 45647140,public-landline-format,,,false,,not-found; do-not-assume landline is WhatsApp,false,NOT CONFIRMED — historical/related industry candidate only,archived participant lists shown on source page; row year not reliably exposed,https://www.namayeshgahha.ir/نمایشگاه-در-و-پنجره/list-of-exhibitors-at-the-door-and-window/,"verify current participation, official website ownership and public business contact before outreach"
ادسکو,صنایع وابسته در و پنجره — نیازمند بررسی,02156906020,21 56906020,public-landline-format,,,false,,not-found; do-not-assume landline is WhatsApp,false,NOT CONFIRMED — historical/related industry candidate only,archived participant lists shown on source page; row year not reliably exposed,https://www.namayeshgahha.ir/نمایشگاه-در-و-پنجره/list-of-exhibitors-at-the-door-and-window/,"verify current participation, official website ownership and public business contact before outreach"
اساس سازان بنیان گردمان,صنایع وابسته در و پنجره — نیازمند بررسی,02188650212,21 88650212-213,public-landline-format,,,false,,not-found; do-not-assume landline is WhatsApp,false,NOT CONFIRMED — historical/related industry candidate only,archived participant lists shown on source page; row year not reliably exposed,https://www.namayeshgahha.ir/نمایشگاه-در-و-پنجره/list-of-exhibitors-at-the-door-and-window/,"verify current participation, official website ownership and public business contact before outreach"
استادکار,صنایع وابسته در و پنجره — نیازمند بررسی,02177607628,21 77607628 – 77607704,public-landline-format,,,false,,not-found; do-not-assume landline is WhatsApp,false,NOT CONFIRMED — historical/related industry candidate only,archived participant lists shown on source page; row year not reliably exposed,https://www.namayeshgahha.ir/نمایشگاه-در-و-پنجره/list-of-exhibitors-at-the-door-and-window/,"verify current participation, official website ownership and public business contact before outreach"
استیل ملل ویرا,صنایع وابسته در و پنجره — نیازمند بررسی,02155252903,21 55252903-4,public-landline-format,,,false,,not-found; do-not-assume landline is WhatsApp,false,NOT CONFIRMED — historical/related industry candidate only,archived participant lists shown on source page; row year not reliably exposed,https://www.namayeshgahha.ir/نمایشگاه-در-و-پنجره/list-of-exhibitors-at-the-door-and-window/,"verify current participation, official website ownership and public business contact before outreach"
اطلس تجارت فراز پيشرو,صنایع وابسته در و پنجره — نیازمند بررسی,02177927578,21 77927578,public-landline-format,,,false,,not-found; do-not-assume landline is WhatsApp,false,NOT CONFIRMED — historical/related industry candidate only,archived participant lists shown on source page; row year not reliably exposed,https://www.namayeshgahha.ir/نمایشگاه-در-و-پنجره/list-of-exhibitors-at-the-door-and-window/,"verify current participation, official website ownership and public business contact before outreach"
اطلس درب مرادی,درب,04132860561,413 2860561,public-landline-format,,,false,,not-found; do-not-assume landline is WhatsApp,false,NOT CONFIRMED — historical/related industry candidate only,archived participant lists shown on source page; row year not reliably exposed,https://www.namayeshgahha.ir/نمایشگاه-در-و-پنجره/list-of-exhibitors-at-the-door-and-window/,"verify current participation, official website ownership and public business contact before outreach"
الدورا چلیک درب,درب,02126142090,21 26142090,public-landline-format,,,false,,not-found; do-not-assume landline is WhatsApp,false,NOT CONFIRMED — historical/related industry candidate only,archived participant lists shown on source page; row year not reliably exposed,https://www.namayeshgahha.ir/نمایشگاه-در-و-پنجره/list-of-exhibitors-at-the-door-and-window/,"verify current participation, official website ownership and public business contact before outreach"
امرتات,صنایع وابسته در و پنجره — نیازمند بررسی,02188567533,21 88567533,public-landline-format,,,false,,not-found; do-not-assume landline is WhatsApp,false,NOT CONFIRMED — historical/related industry candidate only,archived participant lists shown on source page; row year not reliably exposed,https://www.namayeshgahha.ir/نمایشگاه-در-و-پنجره/list-of-exhibitors-at-the-door-and-window/,"verify current participation, official website ownership and public business contact before outreach"
انجمن صنفی کارفرمایی تولیدکنندگان درو پنجره ایران,پنجره و UPVC/PVC,02122674113,21 22674113,public-landline-format,,,false,,not-found; do-not-assume landline is WhatsApp,false,NOT CONFIRMED — historical/related industry candidate only,archived participant lists shown on source page; row year not reliably exposed,https://www.namayeshgahha.ir/نمایشگاه-در-و-پنجره/list-of-exhibitors-at-the-door-and-window/,"verify current participation, official website ownership and public business contact before outreach"
اورمان صنعت آذربایجان,صنایع وابسته در و پنجره — نیازمند بررسی,04433744742,44 33744742,public-landline-format,,,false,,not-found; do-not-assume landline is WhatsApp,false,NOT CONFIRMED — historical/related industry candidate only,archived participant lists shown on source page; row year not reliably exposed,https://www.namayeshgahha.ir/نمایشگاه-در-و-پنجره/list-of-exhibitors-at-the-door-and-window/,"verify current participation, official website ownership and public business contact before outreach"
ایده,صنایع وابسته در و پنجره — نیازمند بررسی,02155667766,21 55667766,public-landline-format,,,false,,not-found; do-not-assume landline is WhatsApp,false,NOT CONFIRMED — historical/related industry candidate only,archived participant lists shown on source page; row year not reliably exposed,https://www.namayeshgahha.ir/نمایشگاه-در-و-پنجره/list-of-exhibitors-at-the-door-and-window/,"verify current participation, official website ownership and public business contact before outreach"
ایده سازان تجارت اروند,صنایع وابسته در و پنجره — نیازمند بررسی,02166727964,21 66727964,public-landline-format,,,false,,not-found; do-not-assume landline is WhatsApp,false,NOT CONFIRMED — historical/related industry candidate only,archived participant lists shown on source page; row year not reliably exposed,https://www.namayeshgahha.ir/نمایشگاه-در-و-پنجره/list-of-exhibitors-at-the-door-and-window/,"verify current participation, official website ownership and public business contact before outreach"
ایده پردازان پارس سدید پویش,صنایع وابسته در و پنجره — نیازمند بررسی,02533346349,25 33346349,public-landline-format,,,false,,not-found; do-not-assume landline is WhatsApp,false,NOT CONFIRMED — historical/related industry candidate only,archived participant lists shown on source page; row year not reliably exposed,https://www.namayeshgahha.ir/نمایشگاه-در-و-پنجره/list-of-exhibitors-at-the-door-and-window/,"verify current participation, official website ownership and public business contact before outreach"
ایران آذر آلومینیوم,آلومینیوم,02166404940,21 66404940,public-landline-format,,,false,,not-found; do-not-assume landline is WhatsApp,false,NOT CONFIRMED — historical/related industry candidate only,archived participant lists shown on source page; row year not reliably exposed,https://www.namayeshgahha.ir/نمایشگاه-در-و-پنجره/list-of-exhibitors-at-the-door-and-window/,"verify current participation, official website ownership and public business contact before outreach"
ایران تک نما,صنایع وابسته در و پنجره — نیازمند بررسی,02166882198,21 66882198,public-landline-format,,,false,,not-found; do-not-assume landline is WhatsApp,false,NOT CONFIRMED — historical/related industry candidate only,archived participant lists shown on source page; row year not reliably exposed,https://www.namayeshgahha.ir/نمایشگاه-در-و-پنجره/list-of-exhibitors-at-the-door-and-window/,"verify current participation, official website ownership and public business contact before outreach"
ایران پلاستیک,مواد اولیه و پلیمر,02166802434,21 66802434 66809922,public-landline-format,,,false,,not-found; do-not-assume landline is WhatsApp,false,NOT CONFIRMED — historical/related industry candidate only,archived participant lists shown on source page; row year not reliably exposed,https://www.namayeshgahha.ir/نمایشگاه-در-و-پنجره/list-of-exhibitors-at-the-door-and-window/,"verify current participation, official website ownership and public business contact before outreach"
ایستا درب آیسان مهر,درب,08634654713,86 34654713,public-landline-format,,,false,,not-found; do-not-assume landline is WhatsApp,false,NOT CONFIRMED — historical/related industry candidate only,archived participant lists shown on source page; row year not reliably exposed,https://www.namayeshgahha.ir/نمایشگاه-در-و-پنجره/list-of-exhibitors-at-the-door-and-window/,"verify current participation, official website ownership and public business contact before outreach"
ایلیاد کار وشمگیر,صنایع وابسته در و پنجره — نیازمند بررسی,01735888000,17 35888000,public-landline-format,,,false,,not-found; do-not-assume landline is WhatsApp,false,NOT CONFIRMED — historical/related industry candidate only,archived participant lists shown on source page; row year not reliably exposed,https://www.namayeshgahha.ir/نمایشگاه-در-و-پنجره/list-of-exhibitors-at-the-door-and-window/,"verify current participation, official website ownership and public business contact before outreach"
ایمن درب سروش صنعت,درب,02144978961,21 44978961,public-landline-format,,,false,,not-found; do-not-assume landline is WhatsApp,false,NOT CONFIRMED — historical/related industry candidate only,archived participant lists shown on source page; row year not reliably exposed,https://www.namayeshgahha.ir/نمایشگاه-در-و-پنجره/list-of-exhibitors-at-the-door-and-window/,"verify current participation, official website ownership and public business contact before outreach"
ایمن دُر سازه پارت,صنایع وابسته در و پنجره — نیازمند بررسی,02144011723,21 44011723,public-landline-format,,,false,,not-found; do-not-assume landline is WhatsApp,false,NOT CONFIRMED — historical/related industry candidate only,archived participant lists shown on source page; row year not reliably exposed,https://www.namayeshgahha.ir/نمایشگاه-در-و-پنجره/list-of-exhibitors-at-the-door-and-window/,"verify current participation, official website ownership and public business contact before outreach"
باتیس سازان گیتی,صنایع وابسته در و پنجره — نیازمند بررسی,02156456830,21 56456830,public-landline-format,,,false,,not-found; do-not-assume landline is WhatsApp,false,NOT CONFIRMED — historical/related industry candidate only,archived participant lists shown on source page; row year not reliably exposed,https://www.namayeshgahha.ir/نمایشگاه-در-و-پنجره/list-of-exhibitors-at-the-door-and-window/,"verify current participation, official website ownership and public business contact before outreach"
باراد آلومینیوم,آلومینیوم,02156823115,21 56823115,public-landline-format,,,false,,not-found; do-not-assume landline is WhatsApp,false,NOT CONFIRMED — historical/related industry candidate only,archived participant lists shown on source page; row year not reliably exposed,https://www.namayeshgahha.ir/نمایشگاه-در-و-پنجره/list-of-exhibitors-at-the-door-and-window/,"verify current participation, official website ownership and public business contact before outreach"
بازرگانی آلان,صنایع وابسته در و پنجره — نیازمند بررسی,02166319736,21 66319736,public-landline-format,,,false,,not-found; do-not-assume landline is WhatsApp,false,NOT CONFIRMED — historical/related industry candidate only,archived participant lists shown on source page; row year not reliably exposed,https://www.namayeshgahha.ir/نمایشگاه-در-و-پنجره/list-of-exhibitors-at-the-door-and-window/,"verify current participation, official website ownership and public business contact before outreach"
بازرگانی شیشه رنجبر جویباری,شیشه,01142543676,11 42543676,public-landline-format,,,false,,not-found; do-not-assume landline is WhatsApp,false,NOT CONFIRMED — historical/related industry candidate only,archived participant lists shown on source page; row year not reliably exposed,https://www.namayeshgahha.ir/نمایشگاه-در-و-پنجره/list-of-exhibitors-at-the-door-and-window/,"verify current participation, official website ownership and public business contact before outreach"
بام تک,صنایع وابسته در و پنجره — نیازمند بررسی,02122392985,21 22392985,public-landline-format,,,false,,not-found; do-not-assume landline is WhatsApp,false,NOT CONFIRMED — historical/related industry candidate only,archived participant lists shown on source page; row year not reliably exposed,https://www.namayeshgahha.ir/نمایشگاه-در-و-پنجره/list-of-exhibitors-at-the-door-and-window/,"verify current participation, official website ownership and public business contact before outreach"
بانیان صنعت,صنایع وابسته در و پنجره — نیازمند بررسی,02146896118,21 46896118,public-landline-format,,,false,,not-found; do-not-assume landline is WhatsApp,false,NOT CONFIRMED — historical/related industry candidate only,archived participant lists shown on source page; row year not reliably exposed,https://www.namayeshgahha.ir/نمایشگاه-در-و-پنجره/list-of-exhibitors-at-the-door-and-window/,"verify current participation, official website ownership and public business contact before outreach"
برناگستر پارسی,صنایع وابسته در و پنجره — نیازمند بررسی,02122518404,21 22518404,public-landline-format,,,false,,not-found; do-not-assume landline is WhatsApp,false,NOT CONFIRMED — historical/related industry candidate only,archived participant lists shown on source page; row year not reliably exposed,https://www.namayeshgahha.ir/نمایشگاه-در-و-پنجره/list-of-exhibitors-at-the-door-and-window/,"verify current participation, official website ownership and public business contact before outreach"
برین یراق,یراق‌آلات و ابزار,02166153138,21 66153138-66153258,public-landline-format,,,false,,not-found; do-not-assume landline is WhatsApp,false,NOT CONFIRMED — historical/related industry candidate only,archived participant lists shown on source page; row year not reliably exposed,https://www.namayeshgahha.ir/نمایشگاه-در-و-پنجره/list-of-exhibitors-at-the-door-and-window/,"verify current participation, official website ownership and public business contact before outreach"
بن ساز شارستان,صنایع وابسته در و پنجره — نیازمند بررسی,02146045869,21 46045869,public-landline-format,,,false,,not-found; do-not-assume landline is WhatsApp,false,NOT CONFIRMED — historical/related industry candidate only,archived participant lists shown on source page; row year not reliably exposed,https://www.namayeshgahha.ir/نمایشگاه-در-و-پنجره/list-of-exhibitors-at-the-door-and-window/,"verify current participation, official website ownership and public business contact before outreach"
بهین سامان هوشمند نگار,صنایع وابسته در و پنجره — نیازمند بررسی,02166123466,21 66123466,public-landline-format,,,false,,not-found; do-not-assume landline is WhatsApp,false,NOT CONFIRMED — historical/related industry candidate only,archived participant lists shown on source page; row year not reliably exposed,https://www.namayeshgahha.ir/نمایشگاه-در-و-پنجره/list-of-exhibitors-at-the-door-and-window/,"verify current participation, official website ownership and public business contact before outreach"
بهینه گستر فراتاب,صنایع وابسته در و پنجره — نیازمند بررسی,02634252286,26 34252286,public-landline-format,,,false,,not-found; do-not-assume landline is WhatsApp,false,NOT CONFIRMED — historical/related industry candidate only,archived participant lists shown on source page; row year not reliably exposed,https://www.namayeshgahha.ir/نمایشگاه-در-و-پنجره/list-of-exhibitors-at-the-door-and-window/,"verify current participation, official website ownership and public business contact before outreach"
بین المللی اوریناگ رویش صنعت,صنایع وابسته در و پنجره — نیازمند بررسی,05832241551,58 32241551,public-landline-format,,,false,,not-found; do-not-assume landline is WhatsApp,false,NOT CONFIRMED — historical/related industry candidate only,archived participant lists shown on source page; row year not reliably exposed,https://www.namayeshgahha.ir/نمایشگاه-در-و-پنجره/list-of-exhibitors-at-the-door-and-window/,"verify current participation, official website ownership and public business contact before outreach"
تاراز پلیمر ایرانیان,مواد اولیه و پلیمر,03132242846,31 32242846-9,public-landline-format,,,false,,not-found; do-not-assume landline is WhatsApp,false,NOT CONFIRMED — historical/related industry candidate only,archived participant lists shown on source page; row year not reliably exposed,https://www.namayeshgahha.ir/نمایشگاه-در-و-پنجره/list-of-exhibitors-at-the-door-and-window/,"verify current participation, official website ownership and public business contact before outreach"
تاپ وین,پنجره و UPVC/PVC,02634704164,26 34704164,public-landline-format,,,false,,not-found; do-not-assume landline is WhatsApp,false,NOT CONFIRMED — historical/related industry candidate only,archived participant lists shown on source page; row year not reliably exposed,https://www.namayeshgahha.ir/نمایشگاه-در-و-پنجره/list-of-exhibitors-at-the-door-and-window/,"verify current participation, official website ownership and public business contact before outreach"
تجهیز موعود,ماشین‌آلات,02155361641,21 55361641,public-landline-format,,,false,,not-found; do-not-assume landline is WhatsApp,false,NOT CONFIRMED — historical/related industry candidate only,archived participant lists shown on source page; row year not reliably exposed,https://www.namayeshgahha.ir/نمایشگاه-در-و-پنجره/list-of-exhibitors-at-the-door-and-window/,"verify current participation, official website ownership and public business contact before outreach"
تهران رابر,صنایع وابسته در و پنجره — نیازمند بررسی,02146837692,21 46837692-3,public-landline-format,,,false,,not-found; do-not-assume landline is WhatsApp,false,NOT CONFIRMED — historical/related industry candidate only,archived participant lists shown on source page; row year not reliably exposed,https://www.namayeshgahha.ir/نمایشگاه-در-و-پنجره/list-of-exhibitors-at-the-door-and-window/,"verify current participation, official website ownership and public business contact before outreach"
توسعه سرمایه گذاری دارابی,صنایع وابسته در و پنجره — نیازمند بررسی,01133543474,11 33543474,public-landline-format,,,false,,not-found; do-not-assume landline is WhatsApp,false,NOT CONFIRMED — historical/related industry candidate only,archived participant lists shown on source page; row year not reliably exposed,https://www.namayeshgahha.ir/نمایشگاه-در-و-پنجره/list-of-exhibitors-at-the-door-and-window/,"verify current participation, official website ownership and public business contact before outreach"
توسعه ماشین آلات صنعت شیشه خاجی,شیشه,02188325678,21 88325678,public-landline-format,,,false,,not-found; do-not-assume landline is WhatsApp,false,NOT CONFIRMED — historical/related industry candidate only,archived participant lists shown on source page; row year not reliably exposed,https://www.namayeshgahha.ir/نمایشگاه-در-و-پنجره/list-of-exhibitors-at-the-door-and-window/,"verify current participation, official website ownership and public business contact before outreach"
تولیدی و صنعتی دیوا,صنایع وابسته در و پنجره — نیازمند بررسی,02122761133,21 22761133,public-landline-format,,,false,,not-found; do-not-assume landline is WhatsApp,false,NOT CONFIRMED — historical/related industry candidate only,archived participant lists shown on source page; row year not reliably exposed,https://www.namayeshgahha.ir/نمایشگاه-در-و-پنجره/list-of-exhibitors-at-the-door-and-window/,"verify current participation, official website ownership and public business contact before outreach"
تکسان در هگمتانه,صنایع وابسته در و پنجره — نیازمند بررسی,02144203414,21 44203414,public-landline-format,,,false,,not-found; do-not-assume landline is WhatsApp,false,NOT CONFIRMED — historical/related industry candidate only,archived participant lists shown on source page; row year not reliably exposed,https://www.namayeshgahha.ir/نمایشگاه-در-و-پنجره/list-of-exhibitors-at-the-door-and-window/,"verify current participation, official website ownership and public business contact before outreach"
تکنما پی وی سی سپاهان,صنایع وابسته در و پنجره — نیازمند بررسی,03136703822,31 36703822,public-landline-format,,,false,,not-found; do-not-assume landline is WhatsApp,false,NOT CONFIRMED — historical/related industry candidate only,archived participant lists shown on source page; row year not reliably exposed,https://www.namayeshgahha.ir/نمایشگاه-در-و-پنجره/list-of-exhibitors-at-the-door-and-window/,"verify current participation, official website ownership and public business contact before outreach"
تکنوساخت,صنایع وابسته در و پنجره — نیازمند بررسی,02144380745,21 44380745,public-landline-format,,,false,,not-found; do-not-assume landline is WhatsApp,false,NOT CONFIRMED — historical/related industry candidate only,archived participant lists shown on source page; row year not reliably exposed,https://www.namayeshgahha.ir/نمایشگاه-در-و-پنجره/list-of-exhibitors-at-the-door-and-window/,"verify current participation, official website ownership and public business contact before outreach"
تکین درخشان صد دروازه,صنایع وابسته در و پنجره — نیازمند بررسی,02177391254,21 77391254,public-landline-format,,,false,,not-found; do-not-assume landline is WhatsApp,false,NOT CONFIRMED — historical/related industry candidate only,archived participant lists shown on source page; row year not reliably exposed,https://www.namayeshgahha.ir/نمایشگاه-در-و-پنجره/list-of-exhibitors-at-the-door-and-window/,"verify current participation, official website ownership and public business contact before outreach"
جهان پروفیل پارس,پروفیل,02188603201,21 88603201,public-landline-format,,,false,,not-found; do-not-assume landline is WhatsApp,false,NOT CONFIRMED — historical/related industry candidate only,archived participant lists shown on source page; row year not reliably exposed,https://www.namayeshgahha.ir/نمایشگاه-در-و-پنجره/list-of-exhibitors-at-the-door-and-window/,"verify current participation, official website ownership and public business contact before outreach"
جهان گستر فنر نورد,صنایع وابسته در و پنجره — نیازمند بررسی,02136425039,21 36425039,public-landline-format,,,false,,not-found; do-not-assume landline is WhatsApp,false,NOT CONFIRMED — historical/related industry candidate only,archived participant lists shown on source page; row year not reliably exposed,https://www.namayeshgahha.ir/نمایشگاه-در-و-پنجره/list-of-exhibitors-at-the-door-and-window/,"verify current participation, official website ownership and public business contact before outreach"
حامیان صنعت آلومینیوم,آلومینیوم,02144495689,21 44495689,public-landline-format,,,false,,not-found; do-not-assume landline is WhatsApp,false,NOT CONFIRMED — historical/related industry candidate only,archived participant lists shown on source page; row year not reliably exposed,https://www.namayeshgahha.ir/نمایشگاه-در-و-پنجره/list-of-exhibitors-at-the-door-and-window/,"verify current participation, official website ownership and public business contact before outreach"
داتیس البرر,صنایع وابسته در و پنجره — نیازمند بررسی,02188628164,21 88628164,public-landline-format,,,false,,not-found; do-not-assume landline is WhatsApp,false,NOT CONFIRMED — historical/related industry candidate only,archived participant lists shown on source page; row year not reliably exposed,https://www.namayeshgahha.ir/نمایشگاه-در-و-پنجره/list-of-exhibitors-at-the-door-and-window/,"verify current participation, official website ownership and public business contact before outreach"
دانش دیاموند,صنایع وابسته در و پنجره — نیازمند بررسی,03133608350,31 33608350,public-landline-format,,,false,,not-found; do-not-assume landline is WhatsApp,false,NOT CONFIRMED — historical/related industry candidate only,archived participant lists shown on source page; row year not reliably exposed,https://www.namayeshgahha.ir/نمایشگاه-در-و-پنجره/list-of-exhibitors-at-the-door-and-window/,"verify current participation, official website ownership and public business contact before outreach"
درب ضدحریق پارس جوان,درب,02156450883,21 56450883,public-landline-format,,,false,,not-found; do-not-assume landline is WhatsApp,false,NOT CONFIRMED — historical/related industry candidate only,archived participant lists shown on source page; row year not reliably exposed,https://www.namayeshgahha.ir/نمایشگاه-در-و-پنجره/list-of-exhibitors-at-the-door-and-window/,"verify current participation, official website ownership and public business contact before outreach"
دربیران,درب,02156457555,21 56457555,public-landline-format,,,false,,not-found; do-not-assume landline is WhatsApp,false,NOT CONFIRMED — historical/related industry candidate only,archived participant lists shown on source page; row year not reliably exposed,https://www.namayeshgahha.ir/نمایشگاه-در-و-پنجره/list-of-exhibitors-at-the-door-and-window/,"verify current participation, official website ownership and public business contact before outreach"
دستگیره بیسان,یراق‌آلات و ابزار,02165730746,21 65730746,public-landline-format,,,false,,not-found; do-not-assume landline is WhatsApp,false,NOT CONFIRMED — historical/related industry candidate only,archived participant lists shown on source page; row year not reliably exposed,https://www.namayeshgahha.ir/نمایشگاه-در-و-پنجره/list-of-exhibitors-at-the-door-and-window/,"verify current participation, official website ownership and public business contact before outreach"
دژینه درب ایرانیان,درب,02188207272,21 88207272,public-landline-format,,,false,,not-found; do-not-assume landline is WhatsApp,false,NOT CONFIRMED — historical/related industry candidate only,archived participant lists shown on source page; row year not reliably exposed,https://www.namayeshgahha.ir/نمایشگاه-در-و-پنجره/list-of-exhibitors-at-the-door-and-window/,"verify current participation, official website ownership and public business contact before outreach"
دیاکوپروفیل,پروفیل,02122985207,21 22985207,public-landline-format,,,false,,not-found; do-not-assume landline is WhatsApp,false,NOT CONFIRMED — historical/related industry candidate only,archived participant lists shown on source page; row year not reliably exposed,https://www.namayeshgahha.ir/نمایشگاه-در-و-پنجره/list-of-exhibitors-at-the-door-and-window/,"verify current participation, official website ownership and public business contact before outreach"
دیجی بست,صنایع وابسته در و پنجره — نیازمند بررسی,02155445578,21 55445578,public-landline-format,,,false,,not-found; do-not-assume landline is WhatsApp,false,NOT CONFIRMED — historical/related industry candidate only,archived participant lists shown on source page; row year not reliably exposed,https://www.namayeshgahha.ir/نمایشگاه-در-و-پنجره/list-of-exhibitors-at-the-door-and-window/,"verify current participation, official website ownership and public business contact before outreach"
راسا چوب,چوب,02188694818,21 88694818,public-landline-format,,,false,,not-found; do-not-assume landline is WhatsApp,false,NOT CONFIRMED — historical/related industry candidate only,archived participant lists shown on source page; row year not reliably exposed,https://www.namayeshgahha.ir/نمایشگاه-در-و-پنجره/list-of-exhibitors-at-the-door-and-window/,"verify current participation, official website ownership and public business contact before outreach"
روزن برگ آلومینیوم (برند بندینی Bendini),آلومینیوم,02188370011,21 88370011-18,public-landline-format,,,false,,not-found; do-not-assume landline is WhatsApp,false,NOT CONFIRMED — historical/related industry candidate only,archived participant lists shown on source page; row year not reliably exposed,https://www.namayeshgahha.ir/نمایشگاه-در-و-پنجره/list-of-exhibitors-at-the-door-and-window/,"verify current participation, official website ownership and public business contact before outreach"
روشن پگاه آرین,صنایع وابسته در و پنجره — نیازمند بررسی,02144380651,21 44380651,public-landline-format,,,false,,not-found; do-not-assume landline is WhatsApp,false,NOT CONFIRMED — historical/related industry candidate only,archived participant lists shown on source page; row year not reliably exposed,https://www.namayeshgahha.ir/نمایشگاه-در-و-پنجره/list-of-exhibitors-at-the-door-and-window/,"verify current participation, official website ownership and public business contact before outreach"
زرینه نقش مهشاد,صنایع وابسته در و پنجره — نیازمند بررسی,02155237682,21 55237682,public-landline-format,,,false,,not-found; do-not-assume landline is WhatsApp,false,NOT CONFIRMED — historical/related industry candidate only,archived participant lists shown on source page; row year not reliably exposed,https://www.namayeshgahha.ir/نمایشگاه-در-و-پنجره/list-of-exhibitors-at-the-door-and-window/,"verify current participation, official website ownership and public business contact before outreach"
زند لاستیک,مواد اولیه و پلیمر,02144168731,21 44168731,public-landline-format,,,false,,not-found; do-not-assume landline is WhatsApp,false,NOT CONFIRMED — historical/related industry candidate only,archived participant lists shown on source page; row year not reliably exposed,https://www.namayeshgahha.ir/نمایشگاه-در-و-پنجره/list-of-exhibitors-at-the-door-and-window/,"verify current participation, official website ownership and public business contact before outreach"
ساخت ایران,صنایع وابسته در و پنجره — نیازمند بررسی,02122047773,21 22047773,public-landline-format,,,false,,not-found; do-not-assume landline is WhatsApp,false,NOT CONFIRMED — historical/related industry candidate only,archived participant lists shown on source page; row year not reliably exposed,https://www.namayeshgahha.ir/نمایشگاه-در-و-پنجره/list-of-exhibitors-at-the-door-and-window/,"verify current participation, official website ownership and public business contact before outreach"
سازه های پارچه ای آتا هنر پوشش,صنایع وابسته در و پنجره — نیازمند بررسی,02122135847,21 22135847,public-landline-format,,,false,,not-found; do-not-assume landline is WhatsApp,false,NOT CONFIRMED — historical/related industry candidate only,archived participant lists shown on source page; row year not reliably exposed,https://www.namayeshgahha.ir/نمایشگاه-در-و-پنجره/list-of-exhibitors-at-the-door-and-window/,"verify current participation, official website ownership and public business contact before outreach"
سام آلومینیوم ایرانیان,آلومینیوم,02140440733,21 40440733,public-landline-format,,,false,,not-found; do-not-assume landline is WhatsApp,false,NOT CONFIRMED — historical/related industry candidate only,archived participant lists shown on source page; row year not reliably exposed,https://www.namayeshgahha.ir/نمایشگاه-در-و-پنجره/list-of-exhibitors-at-the-door-and-window/,"verify current participation, official website ownership and public business contact before outreach"
ساکار,صنایع وابسته در و پنجره — نیازمند بررسی,02136573602,21 36573602,public-landline-format,,,false,,not-found; do-not-assume landline is WhatsApp,false,NOT CONFIRMED — historical/related industry candidate only,archived participant lists shown on source page; row year not reliably exposed,https://www.namayeshgahha.ir/نمایشگاه-در-و-پنجره/list-of-exhibitors-at-the-door-and-window/,"verify current participation, official website ownership and public business contact before outreach"
سبزین در میهن,صنایع وابسته در و پنجره — نیازمند بررسی,02156457144,21 56457144,public-landline-format,,,false,,not-found; do-not-assume landline is WhatsApp,false,NOT CONFIRMED — historical/related industry candidate only,archived participant lists shown on source page; row year not reliably exposed,https://www.namayeshgahha.ir/نمایشگاه-در-و-پنجره/list-of-exhibitors-at-the-door-and-window/,"verify current participation, official website ownership and public business contact before outreach"
سرزمین گلهای pvc,پنجره و UPVC/PVC,02155240226,21 55240226,public-landline-format,,,false,,not-found; do-not-assume landline is WhatsApp,false,NOT CONFIRMED — historical/related industry candidate only,archived participant lists shown on source page; row year not reliably exposed,https://www.namayeshgahha.ir/نمایشگاه-در-و-پنجره/list-of-exhibitors-at-the-door-and-window/,"verify current participation, official website ownership and public business contact before outreach"
سنادرب ایران,درب,02165296385,21 65296385,public-landline-format,,,false,,not-found; do-not-assume landline is WhatsApp,false,NOT CONFIRMED — historical/related industry candidate only,archived participant lists shown on source page; row year not reliably exposed,https://www.namayeshgahha.ir/نمایشگاه-در-و-پنجره/list-of-exhibitors-at-the-door-and-window/,"verify current participation, official website ownership and public business contact before outreach"
سپ پلاستیک,مواد اولیه و پلیمر,02166780863,21 66780863,public-landline-format,,,false,,not-found; do-not-assume landline is WhatsApp,false,NOT CONFIRMED — historical/related industry candidate only,archived participant lists shown on source page; row year not reliably exposed,https://www.namayeshgahha.ir/نمایشگاه-در-و-پنجره/list-of-exhibitors-at-the-door-and-window/,"verify current participation, official website ownership and public business contact before outreach"
سپهر تجارت بین الملل دریا,صنایع وابسته در و پنجره — نیازمند بررسی,02144840152,21 44840152,public-landline-format,,,false,,not-found; do-not-assume landline is WhatsApp,false,NOT CONFIRMED — historical/related industry candidate only,archived participant lists shown on source page; row year not reliably exposed,https://www.namayeshgahha.ir/نمایشگاه-در-و-پنجره/list-of-exhibitors-at-the-door-and-window/,"verify current participation, official website ownership and public business contact before outreach"
سکو ایران,صنایع وابسته در و پنجره — نیازمند بررسی,02188803215,21 88803215,public-landline-format,,,false,,not-found; do-not-assume landline is WhatsApp,false,NOT CONFIRMED — historical/related industry candidate only,archived participant lists shown on source page; row year not reliably exposed,https://www.namayeshgahha.ir/نمایشگاه-در-و-پنجره/list-of-exhibitors-at-the-door-and-window/,"verify current participation, official website ownership and public business contact before outreach"
سکویا چوب اطلس(گیتی پسند),چوب,03136937000,31 36937000,public-landline-format,,,false,,not-found; do-not-assume landline is WhatsApp,false,NOT CONFIRMED — historical/related industry candidate only,archived participant lists shown on source page; row year not reliably exposed,https://www.namayeshgahha.ir/نمایشگاه-در-و-پنجره/list-of-exhibitors-at-the-door-and-window/,"verify current participation, official website ownership and public business contact before outreach"
سیستم گستر سینا,صنایع وابسته در و پنجره — نیازمند بررسی,08138218906,81 38218906,public-landline-format,,,false,,not-found; do-not-assume landline is WhatsApp,false,NOT CONFIRMED — historical/related industry candidate only,archived participant lists shown on source page; row year not reliably exposed,https://www.namayeshgahha.ir/نمایشگاه-در-و-پنجره/list-of-exhibitors-at-the-door-and-window/,"verify current participation, official website ownership and public business contact before outreach"
سیم فام پروفیل,پروفیل,02155445683,21 55445683,public-landline-format,,,false,,not-found; do-not-assume landline is WhatsApp,false,NOT CONFIRMED — historical/related industry candidate only,archived participant lists shown on source page; row year not reliably exposed,https://www.namayeshgahha.ir/نمایشگاه-در-و-پنجره/list-of-exhibitors-at-the-door-and-window/,"verify current participation, official website ownership and public business contact before outreach"
سینا درب تبریز,درب,04134217220,41 34217220,public-landline-format,,,false,,not-found; do-not-assume landline is WhatsApp,false,NOT CONFIRMED — historical/related industry candidate only,archived participant lists shown on source page; row year not reliably exposed,https://www.namayeshgahha.ir/نمایشگاه-در-و-پنجره/list-of-exhibitors-at-the-door-and-window/,"verify current participation, official website ownership and public business contact before outreach"
سینا چوب,چوب,02156865350,21 56865350,public-landline-format,,,false,,not-found; do-not-assume landline is WhatsApp,false,NOT CONFIRMED — historical/related industry candidate only,archived participant lists shown on source page; row year not reliably exposed,https://www.namayeshgahha.ir/نمایشگاه-در-و-پنجره/list-of-exhibitors-at-the-door-and-window/,"verify current participation, official website ownership and public business contact before outreach"
شرکت آلومینیوم کوپال اصفهان,آلومینیوم,03142290414,31 42290414,public-landline-format,,,false,,not-found; do-not-assume landline is WhatsApp,false,NOT CONFIRMED — historical/related industry candidate only,archived participant lists shown on source page; row year not reliably exposed,https://www.namayeshgahha.ir/نمایشگاه-در-و-پنجره/list-of-exhibitors-at-the-door-and-window/,"verify current participation, official website ownership and public business contact before outreach"
شرکت آکپا ایران کیش,صنایع وابسته در و پنجره — نیازمند بررسی,04132466095,41 32466095,public-landline-format,,,false,,not-found; do-not-assume landline is WhatsApp,false,NOT CONFIRMED — historical/related industry candidate only,archived participant lists shown on source page; row year not reliably exposed,https://www.namayeshgahha.ir/نمایشگاه-در-و-پنجره/list-of-exhibitors-at-the-door-and-window/,"verify current participation, official website ownership and public business contact before outreach"
شرکت ایران الکس آلومینیوم (IRAN ALEX),آلومینیوم,02156231405,21 56231405,public-landline-format,,,false,,not-found; do-not-assume landline is WhatsApp,false,NOT CONFIRMED — historical/related industry candidate only,archived participant lists shown on source page; row year not reliably exposed,https://www.namayeshgahha.ir/نمایشگاه-در-و-پنجره/list-of-exhibitors-at-the-door-and-window/,"verify current participation, official website ownership and public business contact before outreach"
شرکت تعاونی آراد پنجره ایرانیان,پنجره و UPVC/PVC,01734408626,17 34408626,public-landline-format,,,false,,not-found; do-not-assume landline is WhatsApp,false,NOT CONFIRMED — historical/related industry candidate only,archived participant lists shown on source page; row year not reliably exposed,https://www.namayeshgahha.ir/نمایشگاه-در-و-پنجره/list-of-exhibitors-at-the-door-and-window/,"verify current participation, official website ownership and public business contact before outreach"
شرکت تولیدی ملامین و پی وی سی افرا (ماوی),صنایع وابسته در و پنجره — نیازمند بررسی,02122287848,21 22287848,public-landline-format,,,false,,not-found; do-not-assume landline is WhatsApp,false,NOT CONFIRMED — historical/related industry candidate only,archived participant lists shown on source page; row year not reliably exposed,https://www.namayeshgahha.ir/نمایشگاه-در-و-پنجره/list-of-exhibitors-at-the-door-and-window/,"verify current participation, official website ownership and public business contact before outreach"
شرکت تولیدی نایس درب آرتا سبلان,درب,04533259134,45 33259134,public-landline-format,,,false,,not-found; do-not-assume landline is WhatsApp,false,NOT CONFIRMED — historical/related industry candidate only,archived participant lists shown on source page; row year not reliably exposed,https://www.namayeshgahha.ir/نمایشگاه-در-و-پنجره/list-of-exhibitors-at-the-door-and-window/,"verify current participation, official website ownership and public business contact before outreach"
شرکت شیشه نوآوران سپنتا,شیشه,02156804738,21 56804738- 56804745,public-landline-format,,,false,,not-found; do-not-assume landline is WhatsApp,false,NOT CONFIRMED — historical/related industry candidate only,archived participant lists shown on source page; row year not reliably exposed,https://www.namayeshgahha.ir/نمایشگاه-در-و-پنجره/list-of-exhibitors-at-the-door-and-window/,"verify current participation, official website ownership and public business contact before outreach"
شرکت صنایع لاستیکی پارمیدا,مواد اولیه و پلیمر,02188028911,21 88028911,public-landline-format,,,false,,not-found; do-not-assume landline is WhatsApp,false,NOT CONFIRMED — historical/related industry candidate only,archived participant lists shown on source page; row year not reliably exposed,https://www.namayeshgahha.ir/نمایشگاه-در-و-پنجره/list-of-exhibitors-at-the-door-and-window/,"verify current participation, official website ownership and public business contact before outreach"
شرکت فنی و مهندسی پرشیا جام,شیشه,02636201621,26 36201621,public-landline-format,,,false,,not-found; do-not-assume landline is WhatsApp,false,NOT CONFIRMED — historical/related industry candidate only,archived participant lists shown on source page; row year not reliably exposed,https://www.namayeshgahha.ir/نمایشگاه-در-و-پنجره/list-of-exhibitors-at-the-door-and-window/,"verify current participation, official website ownership and public business contact before outreach"
شرکت مهندسی صنعت دوام شیمی,مواد اولیه و پلیمر,02188654827,21 88654827,public-landline-format,,,false,,not-found; do-not-assume landline is WhatsApp,false,NOT CONFIRMED — historical/related industry candidate only,archived participant lists shown on source page; row year not reliably exposed,https://www.namayeshgahha.ir/نمایشگاه-در-و-پنجره/list-of-exhibitors-at-the-door-and-window/,"verify current participation, official website ownership and public business contact before outreach"
شرکت نوین الماس کاسپین پدیده پاسارگاد,پنجره و UPVC/PVC,02833688148,28 33688148,public-landline-format,,,false,,not-found; do-not-assume landline is WhatsApp,false,NOT CONFIRMED — historical/related industry candidate only,archived participant lists shown on source page; row year not reliably exposed,https://www.namayeshgahha.ir/نمایشگاه-در-و-پنجره/list-of-exhibitors-at-the-door-and-window/,"verify current participation, official website ownership and public business contact before outreach"
شرکت هگمتان درب امیر,درب,08134384030,81 34384030,public-landline-format,,,false,,not-found; do-not-assume landline is WhatsApp,false,NOT CONFIRMED — historical/related industry candidate only,archived participant lists shown on source page; row year not reliably exposed,https://www.namayeshgahha.ir/نمایشگاه-در-و-پنجره/list-of-exhibitors-at-the-door-and-window/,"verify current participation, official website ownership and public business contact before outreach"
شرکت پارسا پیشرو,صنایع وابسته در و پنجره — نیازمند بررسی,02122303058,21 22303058,public-landline-format,,,false,,not-found; do-not-assume landline is WhatsApp,false,NOT CONFIRMED — historical/related industry candidate only,archived participant lists shown on source page; row year not reliably exposed,https://www.namayeshgahha.ir/نمایشگاه-در-و-پنجره/list-of-exhibitors-at-the-door-and-window/,"verify current participation, official website ownership and public business contact before outreach"
شرکت پروفیل صنعت ارارات,پروفیل,02144201222,21 44201222,public-landline-format,,,false,,not-found; do-not-assume landline is WhatsApp,false,NOT CONFIRMED — historical/related industry candidate only,archived participant lists shown on source page; row year not reliably exposed,https://www.namayeshgahha.ir/نمایشگاه-در-و-پنجره/list-of-exhibitors-at-the-door-and-window/,"verify current participation, official website ownership and public business contact before outreach"
شرکت کاسپین پروفیل,پروفیل,02636884052,26 36884052,public-landline-format,,,false,,not-found; do-not-assume landline is WhatsApp,false,NOT CONFIRMED — historical/related industry candidate only,archived participant lists shown on source page; row year not reliably exposed,https://www.namayeshgahha.ir/نمایشگاه-در-و-پنجره/list-of-exhibitors-at-the-door-and-window/,"verify current participation, official website ownership and public business contact before outreach"
شرکت یکتا آلومینیوم پارس( آلتک),آلومینیوم,08634131001,86 34131001-5,public-landline-format,,,false,,not-found; do-not-assume landline is WhatsApp,false,NOT CONFIRMED — historical/related industry candidate only,archived participant lists shown on source page; row year not reliably exposed,https://www.namayeshgahha.ir/نمایشگاه-در-و-پنجره/list-of-exhibitors-at-the-door-and-window/,"verify current participation, official website ownership and public business contact before outreach"
شهر درب ایرانیان,درب,02166153316,21 66153316,public-landline-format,,,false,,not-found; do-not-assume landline is WhatsApp,false,NOT CONFIRMED — historical/related industry candidate only,archived participant lists shown on source page; row year not reliably exposed,https://www.namayeshgahha.ir/نمایشگاه-در-و-پنجره/list-of-exhibitors-at-the-door-and-window/,"verify current participation, official website ownership and public business contact before outreach"
شیشه ایمنی خراسان,شیشه,05136516131,51 36516131,public-landline-format,,,false,,not-found; do-not-assume landline is WhatsApp,false,NOT CONFIRMED — historical/related industry candidate only,archived participant lists shown on source page; row year not reliably exposed,https://www.namayeshgahha.ir/نمایشگاه-در-و-پنجره/list-of-exhibitors-at-the-door-and-window/,"verify current participation, official website ownership and public business contact before outreach"
شیشه ایمنی شرق نوین,پنجره و UPVC/PVC,05136674960,51 36674960,public-landline-format,,,false,,not-found; do-not-assume landline is WhatsApp,false,NOT CONFIRMED — historical/related industry candidate only,archived participant lists shown on source page; row year not reliably exposed,https://www.namayeshgahha.ir/نمایشگاه-در-و-پنجره/list-of-exhibitors-at-the-door-and-window/,"verify current participation, official website ownership and public business contact before outreach"
شیمی معدنی همدان,مواد اولیه و پلیمر,02126656411,21 26656411,public-landline-format,,,false,,not-found; do-not-assume landline is WhatsApp,false,NOT CONFIRMED — historical/related industry candidate only,archived participant lists shown on source page; row year not reliably exposed,https://www.namayeshgahha.ir/نمایشگاه-در-و-پنجره/list-of-exhibitors-at-the-door-and-window/,"verify current participation, official website ownership and public business contact before outreach"
شینا,صنایع وابسته در و پنجره — نیازمند بررسی,02144467713,21 44467713,public-landline-format,,,false,,not-found; do-not-assume landline is WhatsApp,false,NOT CONFIRMED — historical/related industry candidate only,archived participant lists shown on source page; row year not reliably exposed,https://www.namayeshgahha.ir/نمایشگاه-در-و-پنجره/list-of-exhibitors-at-the-door-and-window/,"verify current participation, official website ownership and public business contact before outreach"
صنایع آلومینیوم ابسکون,آلومینیوم,02188759207,21 88759207,public-landline-format,,,false,,not-found; do-not-assume landline is WhatsApp,false,NOT CONFIRMED — historical/related industry candidate only,archived participant lists shown on source page; row year not reliably exposed,https://www.namayeshgahha.ir/نمایشگاه-در-و-پنجره/list-of-exhibitors-at-the-door-and-window/,"verify current participation, official website ownership and public business contact before outreach"
صنایع آلومینیوم ماندگار هیرکان,آلومینیوم,08633554610,86 33554610-14,public-landline-format,,,false,,not-found; do-not-assume landline is WhatsApp,false,NOT CONFIRMED — historical/related industry candidate only,archived participant lists shown on source page; row year not reliably exposed,https://www.namayeshgahha.ir/نمایشگاه-در-و-پنجره/list-of-exhibitors-at-the-door-and-window/,"verify current participation, official website ownership and public business contact before outreach"
صنایع آلومینیوم والاد,آلومینیوم,02186015603,21 86015603,public-landline-format,,,false,,not-found; do-not-assume landline is WhatsApp,false,NOT CONFIRMED — historical/related industry candidate only,archived participant lists shown on source page; row year not reliably exposed,https://www.namayeshgahha.ir/نمایشگاه-در-و-پنجره/list-of-exhibitors-at-the-door-and-window/,"verify current participation, official website ownership and public business contact before outreach"
صنایع تولیدی پارسیان,صنایع وابسته در و پنجره — نیازمند بررسی,02176262371,21 76262371,public-landline-format,,,false,,not-found; do-not-assume landline is WhatsApp,false,NOT CONFIRMED — historical/related industry candidate only,archived participant lists shown on source page; row year not reliably exposed,https://www.namayeshgahha.ir/نمایشگاه-در-و-پنجره/list-of-exhibitors-at-the-door-and-window/,"verify current participation, official website ownership and public business contact before outreach"
صنایع هوای فشرده تبریز,صنایع وابسته در و پنجره — نیازمند بررسی,04132459497,41 32459497-8,public-landline-format,,,false,,not-found; do-not-assume landline is WhatsApp,false,NOT CONFIRMED — historical/related industry candidate only,archived participant lists shown on source page; row year not reliably exposed,https://www.namayeshgahha.ir/نمایشگاه-در-و-پنجره/list-of-exhibitors-at-the-door-and-window/,"verify current participation, official website ownership and public business contact before outreach"
صنایع چوب دُرساج,چوب,02156456299,21 56456299,public-landline-format,,,false,,not-found; do-not-assume landline is WhatsApp,false,NOT CONFIRMED — historical/related industry candidate only,archived participant lists shown on source page; row year not reliably exposed,https://www.namayeshgahha.ir/نمایشگاه-در-و-پنجره/list-of-exhibitors-at-the-door-and-window/,"verify current participation, official website ownership and public business contact before outreach"
صنایع چوبی ایران پارس,چوب,02156456844,21 56456844,public-landline-format,,,false,,not-found; do-not-assume landline is WhatsApp,false,NOT CONFIRMED — historical/related industry candidate only,archived participant lists shown on source page; row year not reliably exposed,https://www.namayeshgahha.ir/نمایشگاه-در-و-پنجره/list-of-exhibitors-at-the-door-and-window/,"verify current participation, official website ownership and public business contact before outreach"
صنایع چوبی هنر,چوب,02177805161,21 77805161,public-landline-format,,,false,,not-found; do-not-assume landline is WhatsApp,false,NOT CONFIRMED — historical/related industry candidate only,archived participant lists shown on source page; row year not reliably exposed,https://www.namayeshgahha.ir/نمایشگاه-در-و-پنجره/list-of-exhibitors-at-the-door-and-window/,"verify current participation, official website ownership and public business contact before outreach"
صنعتی عایق پلاست خوانسار,مواد اولیه و پلیمر,03157775582,31 57775582,public-landline-format,,,false,,not-found; do-not-assume landline is WhatsApp,false,NOT CONFIRMED — historical/related industry candidate only,archived participant lists shown on source page; row year not reliably exposed,https://www.namayeshgahha.ir/نمایشگاه-در-و-پنجره/list-of-exhibitors-at-the-door-and-window/,"verify current participation, official website ownership and public business contact before outreach"
طلا پروفیل ارس,پروفیل,04142030622,41 42030622,public-landline-format,,,false,,not-found; do-not-assume landline is WhatsApp,false,NOT CONFIRMED — historical/related industry candidate only,archived participant lists shown on source page; row year not reliably exposed,https://www.namayeshgahha.ir/نمایشگاه-در-و-پنجره/list-of-exhibitors-at-the-door-and-window/,"verify current participation, official website ownership and public business contact before outreach"
عایق صنعت اش,مواد اولیه و پلیمر,02144265744,21 44265744,public-landline-format,,,false,,not-found; do-not-assume landline is WhatsApp,false,NOT CONFIRMED — historical/related industry candidate only,archived participant lists shown on source page; row year not reliably exposed,https://www.namayeshgahha.ir/نمایشگاه-در-و-پنجره/list-of-exhibitors-at-the-door-and-window/,"verify current participation, official website ownership and public business contact before outreach"
عایق گستر چهلستون,مواد اولیه و پلیمر,02122221920,21 22221920,public-landline-format,,,false,,not-found; do-not-assume landline is WhatsApp,false,NOT CONFIRMED — historical/related industry candidate only,archived participant lists shown on source page; row year not reliably exposed,https://www.namayeshgahha.ir/نمایشگاه-در-و-پنجره/list-of-exhibitors-at-the-door-and-window/,"verify current participation, official website ownership and public business contact before outreach"
فرا پیشتاز هونام,صنایع وابسته در و پنجره — نیازمند بررسی,07136750201,71 36750201,public-landline-format,,,false,,not-found; do-not-assume landline is WhatsApp,false,NOT CONFIRMED — historical/related industry candidate only,archived participant lists shown on source page; row year not reliably exposed,https://www.namayeshgahha.ir/نمایشگاه-در-و-پنجره/list-of-exhibitors-at-the-door-and-window/,"verify current participation, official website ownership and public business contact before outreach"
فراز پلیمر ایرانیان,مواد اولیه و پلیمر,02144006970,21 44006970,public-landline-format,,,false,,not-found; do-not-assume landline is WhatsApp,false,NOT CONFIRMED — historical/related industry candidate only,archived participant lists shown on source page; row year not reliably exposed,https://www.namayeshgahha.ir/نمایشگاه-در-و-پنجره/list-of-exhibitors-at-the-door-and-window/,"verify current participation, official website ownership and public business contact before outreach"
فرازجام,شیشه,02334583446,23 34583446,public-landline-format,,,false,,not-found; do-not-assume landline is WhatsApp,false,NOT CONFIRMED — historical/related industry candidate only,archived participant lists shown on source page; row year not reliably exposed,https://www.namayeshgahha.ir/نمایشگاه-در-و-پنجره/list-of-exhibitors-at-the-door-and-window/,"verify current participation, official website ownership and public business contact before outreach"
فناوری داده پویشگر,صنایع وابسته در و پنجره — نیازمند بررسی,03195025075,31 95025075,public-landline-format,,,false,,not-found; do-not-assume landline is WhatsApp,false,NOT CONFIRMED — historical/related industry candidate only,archived participant lists shown on source page; row year not reliably exposed,https://www.namayeshgahha.ir/نمایشگاه-در-و-پنجره/list-of-exhibitors-at-the-door-and-window/,"verify current participation, official website ownership and public business contact before outreach"
فهام در مانا,صنایع وابسته در و پنجره — نیازمند بررسی,02166704853,21 66704853,public-landline-format,,,false,,not-found; do-not-assume landline is WhatsApp,false,NOT CONFIRMED — historical/related industry candidate only,archived participant lists shown on source page; row year not reliably exposed,https://www.namayeshgahha.ir/نمایشگاه-در-و-پنجره/list-of-exhibitors-at-the-door-and-window/,"verify current participation, official website ownership and public business contact before outreach"
قائم شیشه اصفهان,شیشه,03152374674,31 52374674-7,public-landline-format,,,false,,not-found; do-not-assume landline is WhatsApp,false,NOT CONFIRMED — historical/related industry candidate only,archived participant lists shown on source page; row year not reliably exposed,https://www.namayeshgahha.ir/نمایشگاه-در-و-پنجره/list-of-exhibitors-at-the-door-and-window/,"verify current participation, official website ownership and public business contact before outreach"
لطفی(بازرگانی لطفی),صنایع وابسته در و پنجره — نیازمند بررسی,04432723550,44 32723550,public-landline-format,,,false,,not-found; do-not-assume landline is WhatsApp,false,NOT CONFIRMED — historical/related industry candidate only,archived participant lists shown on source page; row year not reliably exposed,https://www.namayeshgahha.ir/نمایشگاه-در-و-پنجره/list-of-exhibitors-at-the-door-and-window/,"verify current participation, official website ownership and public business contact before outreach"
ماد بنیان ایرانیان,صنایع وابسته در و پنجره — نیازمند بررسی,02177895677,21 77895677,public-landline-format,,,false,,not-found; do-not-assume landline is WhatsApp,false,NOT CONFIRMED — historical/related industry candidate only,archived participant lists shown on source page; row year not reliably exposed,https://www.namayeshgahha.ir/نمایشگاه-در-و-پنجره/list-of-exhibitors-at-the-door-and-window/,"verify current participation, official website ownership and public business contact before outreach"
ماداکتو اسکرین,صنایع وابسته در و پنجره — نیازمند بررسی,02177646631,21 77646631,public-landline-format,,,false,,not-found; do-not-assume landline is WhatsApp,false,NOT CONFIRMED — historical/related industry candidate only,archived participant lists shown on source page; row year not reliably exposed,https://www.namayeshgahha.ir/نمایشگاه-در-و-پنجره/list-of-exhibitors-at-the-door-and-window/,"verify current participation, official website ownership and public business contact before outreach"
مارال بهینه جنوب,صنایع وابسته در و پنجره — نیازمند بررسی,04134219145,41 34219145,public-landline-format,,,false,,not-found; do-not-assume landline is WhatsApp,false,NOT CONFIRMED — historical/related industry candidate only,archived participant lists shown on source page; row year not reliably exposed,https://www.namayeshgahha.ir/نمایشگاه-در-و-پنجره/list-of-exhibitors-at-the-door-and-window/,"verify current participation, official website ownership and public business contact before outreach"
مارال پروفیل ارس,پروفیل,04142110014,41 42110014,public-landline-format,,,false,,not-found; do-not-assume landline is WhatsApp,false,NOT CONFIRMED — historical/related industry candidate only,archived participant lists shown on source page; row year not reliably exposed,https://www.namayeshgahha.ir/نمایشگاه-در-و-پنجره/list-of-exhibitors-at-the-door-and-window/,"verify current participation, official website ownership and public business contact before outreach"
ماشین سازی بنیان صنعت نوین,پنجره و UPVC/PVC,04142264368,41 42264368,public-landline-format,,,false,,not-found; do-not-assume landline is WhatsApp,false,NOT CONFIRMED — historical/related industry candidate only,archived participant lists shown on source page; row year not reliably exposed,https://www.namayeshgahha.ir/نمایشگاه-در-و-پنجره/list-of-exhibitors-at-the-door-and-window/,"verify current participation, official website ownership and public business contact before outreach"
ماشین سازی خیری,ماشین‌آلات,02146841106,21 46841106,public-landline-format,,,false,,not-found; do-not-assume landline is WhatsApp,false,NOT CONFIRMED — historical/related industry candidate only,archived participant lists shown on source page; row year not reliably exposed,https://www.namayeshgahha.ir/نمایشگاه-در-و-پنجره/list-of-exhibitors-at-the-door-and-window/,"verify current participation, official website ownership and public business contact before outreach"
ماشین سازی صفایی,ماشین‌آلات,03133867099,"31 33867099 , 33876135",public-landline-format,,,false,,not-found; do-not-assume landline is WhatsApp,false,NOT CONFIRMED — historical/related industry candidate only,archived participant lists shown on source page; row year not reliably exposed,https://www.namayeshgahha.ir/نمایشگاه-در-و-پنجره/list-of-exhibitors-at-the-door-and-window/,"verify current participation, official website ownership and public business contact before outreach"
ماشین سازی یونیورس,ماشین‌آلات,04433745116,44 33745116,public-landline-format,,,false,,not-found; do-not-assume landline is WhatsApp,false,NOT CONFIRMED — historical/related industry candidate only,archived participant lists shown on source page; row year not reliably exposed,https://www.namayeshgahha.ir/نمایشگاه-در-و-پنجره/list-of-exhibitors-at-the-door-and-window/,"verify current participation, official website ownership and public business contact before outreach"
ماهنامه دنیای نما و پنجره,پنجره و UPVC/PVC,02177945231,21 77945231,public-landline-format,,,false,,not-found; do-not-assume landline is WhatsApp,false,NOT CONFIRMED — historical/related industry candidate only,archived participant lists shown on source page; row year not reliably exposed,https://www.namayeshgahha.ir/نمایشگاه-در-و-پنجره/list-of-exhibitors-at-the-door-and-window/,"verify current participation, official website ownership and public business contact before outreach"
مجتمع آلومینیوم حکمتی,آلومینیوم,04136371253,41 36371253-5,public-landline-format,,,false,,not-found; do-not-assume landline is WhatsApp,false,NOT CONFIRMED — historical/related industry candidate only,archived participant lists shown on source page; row year not reliably exposed,https://www.namayeshgahha.ir/نمایشگاه-در-و-پنجره/list-of-exhibitors-at-the-door-and-window/,"verify current participation, official website ownership and public business contact before outreach"
مجتمع صنعتی روزوین,پنجره و UPVC/PVC,04533644000,45 33644000,public-landline-format,,,false,,not-found; do-not-assume landline is WhatsApp,false,NOT CONFIRMED — historical/related industry candidate only,archived participant lists shown on source page; row year not reliably exposed,https://www.namayeshgahha.ir/نمایشگاه-در-و-پنجره/list-of-exhibitors-at-the-door-and-window/,"verify current participation, official website ownership and public business contact before outreach"
مجله در و پنجره و نما,پنجره و UPVC/PVC,02177240502,21 77240502,public-landline-format,,,false,,not-found; do-not-assume landline is WhatsApp,false,NOT CONFIRMED — historical/related industry candidate only,archived participant lists shown on source page; row year not reliably exposed,https://www.namayeshgahha.ir/نمایشگاه-در-و-پنجره/list-of-exhibitors-at-the-door-and-window/,"verify current participation, official website ownership and public business contact before outreach"
محمد چراغی,صنایع وابسته در و پنجره — نیازمند بررسی,02188539019,21 88539019,public-landline-format,,,false,,not-found; do-not-assume landline is WhatsApp,false,NOT CONFIRMED — historical/related industry candidate only,archived participant lists shown on source page; row year not reliably exposed,https://www.namayeshgahha.ir/نمایشگاه-در-و-پنجره/list-of-exhibitors-at-the-door-and-window/,"verify current participation, official website ownership and public business contact before outreach"
مه سان پرشین جام,شیشه,02177523721,21 77523721,public-landline-format,,,false,,not-found; do-not-assume landline is WhatsApp,false,NOT CONFIRMED — historical/related industry candidate only,archived participant lists shown on source page; row year not reliably exposed,https://www.namayeshgahha.ir/نمایشگاه-در-و-پنجره/list-of-exhibitors-at-the-door-and-window/,"verify current participation, official website ownership and public business contact before outreach"
مه سان پروفیل,پروفیل,02177523721,21 77523721,public-landline-format,,,false,,not-found; do-not-assume landline is WhatsApp,false,NOT CONFIRMED — historical/related industry candidate only,archived participant lists shown on source page; row year not reliably exposed,https://www.namayeshgahha.ir/نمایشگاه-در-و-پنجره/list-of-exhibitors-at-the-door-and-window/,"verify current participation, official website ownership and public business contact before outreach"
مهسان صنعت سارو,صنایع وابسته در و پنجره — نیازمند بررسی,02146883829,21 46883829,public-landline-format,,,false,,not-found; do-not-assume landline is WhatsApp,false,NOT CONFIRMED — historical/related industry candidate only,archived participant lists shown on source page; row year not reliably exposed,https://www.namayeshgahha.ir/نمایشگاه-در-و-پنجره/list-of-exhibitors-at-the-door-and-window/,"verify current participation, official website ownership and public business contact before outreach"
موسسه ثبتی و حقوقی ملاصدرا,صنایع وابسته در و پنجره — نیازمند بررسی,02632102000,26 32102000,public-landline-format,,,false,,not-found; do-not-assume landline is WhatsApp,false,NOT CONFIRMED — historical/related industry candidate only,archived participant lists shown on source page; row year not reliably exposed,https://www.namayeshgahha.ir/نمایشگاه-در-و-پنجره/list-of-exhibitors-at-the-door-and-window/,"verify current participation, official website ownership and public business contact before outreach"
موسسه رنگین,صنایع وابسته در و پنجره — نیازمند بررسی,02156233362,21 56233362,public-landline-format,,,false,,not-found; do-not-assume landline is WhatsApp,false,NOT CONFIRMED — historical/related industry candidate only,archived participant lists shown on source page; row year not reliably exposed,https://www.namayeshgahha.ir/نمایشگاه-در-و-پنجره/list-of-exhibitors-at-the-door-and-window/,"verify current participation, official website ownership and public business contact before outreach"
نانو وین,پنجره و UPVC/PVC,02144968127,21 44968127,public-landline-format,,,false,,not-found; do-not-assume landline is WhatsApp,false,NOT CONFIRMED — historical/related industry candidate only,archived participant lists shown on source page; row year not reliably exposed,https://www.namayeshgahha.ir/نمایشگاه-در-و-پنجره/list-of-exhibitors-at-the-door-and-window/,"verify current participation, official website ownership and public business contact before outreach"
نودر,صنایع وابسته در و پنجره — نیازمند بررسی,02188842477,21 88842477,public-landline-format,,,false,,not-found; do-not-assume landline is WhatsApp,false,NOT CONFIRMED — historical/related industry candidate only,archived participant lists shown on source page; row year not reliably exposed,https://www.namayeshgahha.ir/نمایشگاه-در-و-پنجره/list-of-exhibitors-at-the-door-and-window/,"verify current participation, official website ownership and public business contact before outreach"
نوین سازه کیسان آرمان,پنجره و UPVC/PVC,02146130285,21 46130285,public-landline-format,,,false,,not-found; do-not-assume landline is WhatsApp,false,NOT CONFIRMED — historical/related industry candidate only,archived participant lists shown on source page; row year not reliably exposed,https://www.namayeshgahha.ir/نمایشگاه-در-و-پنجره/list-of-exhibitors-at-the-door-and-window/,"verify current participation, official website ownership and public business contact before outreach"
نوین نمای سهند,پنجره و UPVC/PVC,02122756782,21 22756782,public-landline-format,,,false,,not-found; do-not-assume landline is WhatsApp,false,NOT CONFIRMED — historical/related industry candidate only,archived participant lists shown on source page; row year not reliably exposed,https://www.namayeshgahha.ir/نمایشگاه-در-و-پنجره/list-of-exhibitors-at-the-door-and-window/,"verify current participation, official website ownership and public business contact before outreach"
هنردرب,درب,02156576949,21 56576949,public-landline-format,,,false,,not-found; do-not-assume landline is WhatsApp,false,NOT CONFIRMED — historical/related industry candidate only,archived participant lists shown on source page; row year not reliably exposed,https://www.namayeshgahha.ir/نمایشگاه-در-و-پنجره/list-of-exhibitors-at-the-door-and-window/,"verify current participation, official website ownership and public business contact before outreach"
هونام ابزار نوین,پنجره و UPVC/PVC,02122435050,21 22435050,public-landline-format,,,false,,not-found; do-not-assume landline is WhatsApp,false,NOT CONFIRMED — historical/related industry candidate only,archived participant lists shown on source page; row year not reliably exposed,https://www.namayeshgahha.ir/نمایشگاه-در-و-پنجره/list-of-exhibitors-at-the-door-and-window/,"verify current participation, official website ownership and public business contact before outreach"
ویناک,پنجره و UPVC/PVC,02832848172,28 32848172,public-landline-format,,,false,,not-found; do-not-assume landline is WhatsApp,false,NOT CONFIRMED — historical/related industry candidate only,archived participant lists shown on source page; row year not reliably exposed,https://www.namayeshgahha.ir/نمایشگاه-در-و-پنجره/list-of-exhibitors-at-the-door-and-window/,"verify current participation, official website ownership and public business contact before outreach"
ویندور یو پی وی سی,پنجره و UPVC/PVC,04432382688,44 32382688,public-landline-format,,,false,,not-found; do-not-assume landline is WhatsApp,false,NOT CONFIRMED — historical/related industry candidate only,archived participant lists shown on source page; row year not reliably exposed,https://www.namayeshgahha.ir/نمایشگاه-در-و-پنجره/list-of-exhibitors-at-the-door-and-window/,"verify current participation, official website ownership and public business contact before outreach"
يراق سازان ماكو,صنایع وابسته در و پنجره — نیازمند بررسی,02636670515,26 36670515,public-landline-format,,,false,,not-found; do-not-assume landline is WhatsApp,false,NOT CONFIRMED — historical/related industry candidate only,archived participant lists shown on source page; row year not reliably exposed,https://www.namayeshgahha.ir/نمایشگاه-در-و-پنجره/list-of-exhibitors-at-the-door-and-window/,"verify current participation, official website ownership and public business contact before outreach"
پارس وین,پنجره و UPVC/PVC,02155274279,21 55274279,public-landline-format,,,false,,not-found; do-not-assume landline is WhatsApp,false,NOT CONFIRMED — historical/related industry candidate only,archived participant lists shown on source page; row year not reliably exposed,https://www.namayeshgahha.ir/نمایشگاه-در-و-پنجره/list-of-exhibitors-at-the-door-and-window/,"verify current participation, official website ownership and public business contact before outreach"
پارس پروفیل سازان آریا,پروفیل,02144031087,21 44031087,public-landline-format,,,false,,not-found; do-not-assume landline is WhatsApp,false,NOT CONFIRMED — historical/related industry candidate only,archived participant lists shown on source page; row year not reliably exposed,https://www.namayeshgahha.ir/نمایشگاه-در-و-پنجره/list-of-exhibitors-at-the-door-and-window/,"verify current participation, official website ownership and public business contact before outreach"
پارس کرنت,صنایع وابسته در و پنجره — نیازمند بررسی,02155276312,21 55276312-3,public-landline-format,,,false,,not-found; do-not-assume landline is WhatsApp,false,NOT CONFIRMED — historical/related industry candidate only,archived participant lists shown on source page; row year not reliably exposed,https://www.namayeshgahha.ir/نمایشگاه-در-و-پنجره/list-of-exhibitors-at-the-door-and-window/,"verify current participation, official website ownership and public business contact before outreach"
پارسا جام البرز,شیشه,02165742461,21 65742461,public-landline-format,,,false,,not-found; do-not-assume landline is WhatsApp,false,NOT CONFIRMED — historical/related industry candidate only,archived participant lists shown on source page; row year not reliably exposed,https://www.namayeshgahha.ir/نمایشگاه-در-و-پنجره/list-of-exhibitors-at-the-door-and-window/,"verify current participation, official website ownership and public business contact before outreach"
پارسان درب,درب,02156864983,21 56864983,public-landline-format,,,false,,not-found; do-not-assume landline is WhatsApp,false,NOT CONFIRMED — historical/related industry candidate only,archived participant lists shown on source page; row year not reliably exposed,https://www.namayeshgahha.ir/نمایشگاه-در-و-پنجره/list-of-exhibitors-at-the-door-and-window/,"verify current participation, official website ownership and public business contact before outreach"
پترو پویا گرانول آریانا,مواد اولیه و پلیمر,02126412318,21 26412318,public-landline-format,,,false,,not-found; do-not-assume landline is WhatsApp,false,NOT CONFIRMED — historical/related industry candidate only,archived participant lists shown on source page; row year not reliably exposed,https://www.namayeshgahha.ir/نمایشگاه-در-و-پنجره/list-of-exhibitors-at-the-door-and-window/,"verify current participation, official website ownership and public business contact before outreach"
پرشین در,صنایع وابسته در و پنجره — نیازمند بررسی,02122333567,21 22333567,public-landline-format,,,false,,not-found; do-not-assume landline is WhatsApp,false,NOT CONFIRMED — historical/related industry candidate only,archived participant lists shown on source page; row year not reliably exposed,https://www.namayeshgahha.ir/نمایشگاه-در-و-پنجره/list-of-exhibitors-at-the-door-and-window/,"verify current participation, official website ownership and public business contact before outreach"
پرشین پی وی سی مانا,صنایع وابسته در و پنجره — نیازمند بررسی,02146852545,21 46852545,public-landline-format,,,false,,not-found; do-not-assume landline is WhatsApp,false,NOT CONFIRMED — historical/related industry candidate only,archived participant lists shown on source page; row year not reliably exposed,https://www.namayeshgahha.ir/نمایشگاه-در-و-پنجره/list-of-exhibitors-at-the-door-and-window/,"verify current participation, official website ownership and public business contact before outreach"
پروفیل صنعت سازان خلخال,پروفیل,04532453834,45 32453834,public-landline-format,,,false,,not-found; do-not-assume landline is WhatsApp,false,NOT CONFIRMED — historical/related industry candidate only,archived participant lists shown on source page; row year not reliably exposed,https://www.namayeshgahha.ir/نمایشگاه-در-و-پنجره/list-of-exhibitors-at-the-door-and-window/,"verify current participation, official website ownership and public business contact before outreach"
پنجره سازان خورشید,پنجره و UPVC/PVC,02144114398,21 44114398,public-landline-format,,,false,,not-found; do-not-assume landline is WhatsApp,false,NOT CONFIRMED — historical/related industry candidate only,archived participant lists shown on source page; row year not reliably exposed,https://www.namayeshgahha.ir/نمایشگاه-در-و-پنجره/list-of-exhibitors-at-the-door-and-window/,"verify current participation, official website ownership and public business contact before outreach"
پویا بنا نوین برنا,پنجره و UPVC/PVC,02144962338,21 44962338,public-landline-format,,,false,,not-found; do-not-assume landline is WhatsApp,false,NOT CONFIRMED — historical/related industry candidate only,archived participant lists shown on source page; row year not reliably exposed,https://www.namayeshgahha.ir/نمایشگاه-در-و-پنجره/list-of-exhibitors-at-the-door-and-window/,"verify current participation, official website ownership and public business contact before outreach"
پژوهش پلیمر فراز,مواد اولیه و پلیمر,02188517829,21 88517829,public-landline-format,,,false,,not-found; do-not-assume landline is WhatsApp,false,NOT CONFIRMED — historical/related industry candidate only,archived participant lists shown on source page; row year not reliably exposed,https://www.namayeshgahha.ir/نمایشگاه-در-و-پنجره/list-of-exhibitors-at-the-door-and-window/,"verify current participation, official website ownership and public business contact before outreach"
پیشگامان صنعت داماکس,صنایع وابسته در و پنجره — نیازمند بررسی,02165644595,21 65644595,public-landline-format,,,false,,not-found; do-not-assume landline is WhatsApp,false,NOT CONFIRMED — historical/related industry candidate only,archived participant lists shown on source page; row year not reliably exposed,https://www.namayeshgahha.ir/نمایشگاه-در-و-پنجره/list-of-exhibitors-at-the-door-and-window/,"verify current participation, official website ownership and public business contact before outreach"
پیکر جهان البرز (کن مولر ایلماز),صنایع وابسته در و پنجره — نیازمند بررسی,02636639751,26 36639751,public-landline-format,,,false,,not-found; do-not-assume landline is WhatsApp,false,NOT CONFIRMED — historical/related industry candidate only,archived participant lists shown on source page; row year not reliably exposed,https://www.namayeshgahha.ir/نمایشگاه-در-و-پنجره/list-of-exhibitors-at-the-door-and-window/,"verify current participation, official website ownership and public business contact before outreach"
چوبین سازه نمای پارسا (آلتن),چوب,02126851503,21 26851503,public-landline-format,,,false,,not-found; do-not-assume landline is WhatsApp,false,NOT CONFIRMED — historical/related industry candidate only,archived participant lists shown on source page; row year not reliably exposed,https://www.namayeshgahha.ir/نمایشگاه-در-و-پنجره/list-of-exhibitors-at-the-door-and-window/,"verify current participation, official website ownership and public business contact before outreach"
کارخانجات صنایع تولید سیستم های آلومینیوم به در رنگین,آلومینیوم,05132400792,51 32400792,public-landline-format,,,false,,not-found; do-not-assume landline is WhatsApp,false,NOT CONFIRMED — historical/related industry candidate only,archived participant lists shown on source page; row year not reliably exposed,https://www.namayeshgahha.ir/نمایشگاه-در-و-پنجره/list-of-exhibitors-at-the-door-and-window/,"verify current participation, official website ownership and public business contact before outreach"
کاروان سرای نازنین,صنایع وابسته در و پنجره — نیازمند بررسی,02188507454,21 88507454,public-landline-format,,,false,,not-found; do-not-assume landline is WhatsApp,false,NOT CONFIRMED — historical/related industry candidate only,archived participant lists shown on source page; row year not reliably exposed,https://www.namayeshgahha.ir/نمایشگاه-در-و-پنجره/list-of-exhibitors-at-the-door-and-window/,"verify current participation, official website ownership and public business contact before outreach"
کالوین,پنجره و UPVC/PVC,02632548577,26 32548577,public-landline-format,,,false,,not-found; do-not-assume landline is WhatsApp,false,NOT CONFIRMED — historical/related industry candidate only,archived participant lists shown on source page; row year not reliably exposed,https://www.namayeshgahha.ir/نمایشگاه-در-و-پنجره/list-of-exhibitors-at-the-door-and-window/,"verify current participation, official website ownership and public business contact before outreach"
کوثر پروفیل اراک,پروفیل,08633573376,86 33573376,public-landline-format,,,false,,not-found; do-not-assume landline is WhatsApp,false,NOT CONFIRMED — historical/related industry candidate only,archived participant lists shown on source page; row year not reliably exposed,https://www.namayeshgahha.ir/نمایشگاه-در-و-پنجره/list-of-exhibitors-at-the-door-and-window/,"verify current participation, official website ownership and public business contact before outreach"
کیان امنیت سالی,صنایع وابسته در و پنجره — نیازمند بررسی,02188479171,21 88479171,public-landline-format,,,false,,not-found; do-not-assume landline is WhatsApp,false,NOT CONFIRMED — historical/related industry candidate only,archived participant lists shown on source page; row year not reliably exposed,https://www.namayeshgahha.ir/نمایشگاه-در-و-پنجره/list-of-exhibitors-at-the-door-and-window/,"verify current participation, official website ownership and public business contact before outreach"
کیمیا صنعت آویسا,صنایع وابسته در و پنجره — نیازمند بررسی,02156392677,21 56392677,public-landline-format,,,false,,not-found; do-not-assume landline is WhatsApp,false,NOT CONFIRMED — historical/related industry candidate only,archived participant lists shown on source page; row year not reliably exposed,https://www.namayeshgahha.ir/نمایشگاه-در-و-پنجره/list-of-exhibitors-at-the-door-and-window/,"verify current participation, official website ownership and public business contact before outreach"
کیمیا صنعت دکاموند,صنایع وابسته در و پنجره — نیازمند بررسی,02133990501,21 33990501,public-landline-format,,,false,,not-found; do-not-assume landline is WhatsApp,false,NOT CONFIRMED — historical/related industry candidate only,archived participant lists shown on source page; row year not reliably exposed,https://www.namayeshgahha.ir/نمایشگاه-در-و-پنجره/list-of-exhibitors-at-the-door-and-window/,"verify current participation, official website ownership and public business contact before outreach"
